{
    "manufacturer": "ai03 Design Studio",
    "keyboard_name": "AIC6L",
    "maintainer": "ai03_2725",
    "processor": "atmega32u4",
    "bootloader": "atmel-dfu",
    "usb": {
        "vid": "0xA103",
        "pid": "0x0026",
        "device_version": "0.0.1"
    },
    "features": {
        "bootmagic": true,
        "command": false,
        "console": false,
        "extrakey": true,
        "mousekey": true,
        "nkro": true,
        "rgb_matrix": true
    },
    "build": {
        "debounce_type": "asym_eager_defer_pk"
    },
    "indicators": {
        "caps_lock": "B0",
        "on_state": 0
    },
    "rgb_matrix": {
        "driver": "ws2812",
        "layout": [
            { "flags": 1, "matrix": [3, 11], "x": 0, "y": 0 },
            { "flags": 4, "matrix": [3, 12], "x": 15, "y": 0 },
            { "flags": 4, "matrix": [3, 13], "x": 30, "y": 0 }
        ]
    },
    "ws2812": {
        "pin": "D2"
    },
    "diode_direction": "COL2ROW",
    "matrix_pins": {
        "rows": ["B2", "B7", "D5", "B1", "D3"],
        "cols": ["F0", "F1", "F4", "F5", "F6", "F7", "C7", "C6", "B6", "B5", "B4", "D7", "D6", "D4"]
    },
    "layouts": {
        "LAYOUT_all": {
            "layout": [
                { "matrix": [0, 0], "x": 0, "y": 0 },
                { "matrix": [0, 1], "x": 1, "y": 0 },
                { "matrix": [0, 2], "x": 2, "y": 0 },
                { "matrix": [0, 3], "x": 3, "y": 0 },
                { "matrix": [0, 4], "x": 4, "y": 0 },
                { "matrix": [0, 5], "x": 5, "y": 0 },
                { "matrix": [0, 6], "x": 6, "y": 0 },
                { "matrix": [0, 7], "x": 7, "y": 0 },
                { "matrix": [0, 8], "x": 8, "y": 0 },
                { "matrix": [0, 9], "x": 9, "y": 0 },
                { "matrix": [0, 10], "x": 10, "y": 0 },
                { "matrix": [0, 11], "x": 11, "y": 0 },
                { "matrix": [0, 12], "x": 12, "y": 0 },
                { "matrix": [0, 13], "x": 13, "y": 0 },
                { "matrix": [2, 12], "x": 14, "y": 0 },
                { "matrix": [1, 0], "w": 1.5, "x": 0, "y": 1 },
                { "matrix": [1, 1], "x": 1.5, "y": 1 },
                { "matrix": [1, 2], "x": 2.5, "y": 1 },
                { "matrix": [1, 3], "x": 3.5, "y": 1 },
                { "matrix": [1, 4], "x": 4.5, "y": 1 },
                { "matrix": [1, 5], "x": 5.5, "y": 1 },
                { "matrix": [1, 6], "x": 6.5, "y": 1 },
                { "matrix": [1, 7], "x": 7.5, "y": 1 },
                { "matrix": [1, 8], "x": 8.5, "y": 1 },
                { "matrix": [1, 9], "x": 9.5, "y": 1 },
                { "matrix": [1, 10], "x": 10.5, "y": 1 },
                { "matrix": [1, 11], "x": 11.5, "y": 1 },
                { "matrix": [1, 12], "x": 12.5, "y": 1 },
                { "matrix": [1, 13], "w": 1.5, "x": 13.5, "y": 1 },
                { "matrix": [2, 0], "w": 1.75, "x": 0, "y": 2 },
                { "matrix": [2, 1], "x": 1.75, "y": 2 },
                { "matrix": [2, 2], "x": 2.75, "y": 2 },
                { "matrix": [2, 3], "x": 3.75, "y": 2 },
                { "matrix": [2, 4], "x": 4.75, "y": 2 },
                { "matrix": [2, 5], "x": 5.75, "y": 2 },
                { "matrix": [2, 6], "x": 6.75, "y": 2 },
                { "matrix": [2, 7], "x": 7.75, "y": 2 },
                { "matrix": [2, 8], "x": 8.75, "y": 2 },
                { "matrix": [2, 9], "x": 9.75, "y": 2 },
                { "matrix": [2, 10], "x": 10.75, "y": 2 },
                { "matrix": [2, 11], "x": 11.75, "y": 2 },
                { "matrix": [2, 13], "w": 2.25, "x": 12.75, "y": 2 },
                { "matrix": [3, 0], "w": 2.25, "x": 0, "y": 3 },
                { "matrix": [3, 2], "x": 2.25, "y": 3 },
                { "matrix": [3, 3], "x": 3.25, "y": 3 },
                { "matrix": [3, 4], "x": 4.25, "y": 3 },
                { "matrix": [3, 5], "x": 5.25, "y": 3 },
                { "matrix": [3, 6], "x": 6.25, "y": 3 },
                { "matrix": [3, 7], "x": 7.25, "y": 3 },
                { "matrix": [3, 8], "x": 8.25, "y": 3 },
                { "matrix": [3, 9], "x": 9.25, "y": 3 },
                { "matrix": [3, 10], "x": 10.25, "y": 3 },
                { "matrix": [3, 11], "x": 11.25, "y": 3 },
                { "matrix": [3, 12], "w": 1.75, "x": 12.25, "y": 3 },
                { "matrix": [3, 13], "x": 14, "y": 3 },
                { "matrix": [4, 1], "x": 1.5, "y": 4 },
                { "matrix": [4, 2], "w": 1.5, "x": 2.5, "y": 4 },
                { "matrix": [4, 5], "w": 3, "x": 4, "y": 4 },
                { "matrix": [4, 7], "x": 7, "y": 4 },
                { "matrix": [4, 9], "w": 3, "x": 8, "y": 4 },
                { "matrix": [4, 11], "w": 1.5, "x": 11, "y": 4 },
                { "matrix": [4, 12], "x": 12.5, "y": 4 }
            ]
        },
        "LAYOUT_default_60_hhkb": {
            "layout": [
                { "matrix": [0, 0], "x": 0, "y": 0 },
                { "matrix": [0, 1], "x": 1, "y": 0 },
                { "matrix": [0, 2], "x": 2, "y": 0 },
                { "matrix": [0, 3], "x": 3, "y": 0 },
                { "matrix": [0, 4], "x": 4, "y": 0 },
                { "matrix": [0, 5], "x": 5, "y": 0 },
                { "matrix": [0, 6], "x": 6, "y": 0 },
                { "matrix": [0, 7], "x": 7, "y": 0 },
                { "matrix": [0, 8], "x": 8, "y": 0 },
                { "matrix": [0, 9], "x": 9, "y": 0 },
                { "matrix": [0, 10], "x": 10, "y": 0 },
                { "matrix": [0, 11], "x": 11, "y": 0 },
                { "matrix": [0, 12], "x": 12, "y": 0 },
                { "matrix": [0, 13], "w": 2, "x": 13, "y": 0 },
                { "matrix": [1, 0], "w": 1.5, "x": 0, "y": 1 },
                { "matrix": [1, 1], "x": 1.5, "y": 1 },
                { "matrix": [1, 2], "x": 2.5, "y": 1 },
                { "matrix": [1, 3], "x": 3.5, "y": 1 },
                { "matrix": [1, 4], "x": 4.5, "y": 1 },
                { "matrix": [1, 5], "x": 5.5, "y": 1 },
                { "matrix": [1, 6], "x": 6.5, "y": 1 },
                { "matrix": [1, 7], "x": 7.5, "y": 1 },
                { "matrix": [1, 8], "x": 8.5, "y": 1 },
                { "matrix": [1, 9], "x": 9.5, "y": 1 },
                { "matrix": [1, 10], "x": 10.5, "y": 1 },
                { "matrix": [1, 11], "x": 11.5, "y": 1 },
                { "matrix": [1, 12], "x": 12.5, "y": 1 },
                { "matrix": [1, 13], "w": 1.5, "x": 13.5, "y": 1 },
                { "matrix": [2, 0], "w": 1.75, "x": 0, "y": 2 },
                { "matrix": [2, 1], "x": 1.75, "y": 2 },
                { "matrix": [2, 2], "x": 2.75, "y": 2 },
                { "matrix": [2, 3], "x": 3.75, "y": 2 },
                { "matrix": [2, 4], "x": 4.75, "y": 2 },
                { "matrix": [2, 5], "x": 5.75, "y": 2 },
                { "matrix": [2, 6], "x": 6.75, "y": 2 },
                { "matrix": [2, 7], "x": 7.75, "y": 2 },
                { "matrix": [2, 8], "x": 8.75, "y": 2 },
                { "matrix": [2, 9], "x": 9.75, "y": 2 },
                { "matrix": [2, 10], "x": 10.75, "y": 2 },
                { "matrix": [2, 11], "x": 11.75, "y": 2 },
                { "matrix": [2, 13], "w": 2.25, "x": 12.75, "y": 2 },
                { "matrix": [3, 0], "w": 2.25, "x": 0, "y": 3 },
                { "matrix": [3, 2], "x": 2.25, "y": 3 },
                { "matrix": [3, 3], "x": 3.25, "y": 3 },
                { "matrix": [3, 4], "x": 4.25, "y": 3 },
                { "matrix": [3, 5], "x": 5.25, "y": 3 },
                { "matrix": [3, 6], "x": 6.25, "y": 3 },
                { "matrix": [3, 7], "x": 7.25, "y": 3 },
                { "matrix": [3, 8], "x": 8.25, "y": 3 },
                { "matrix": [3, 9], "x": 9.25, "y": 3 },
                { "matrix": [3, 10], "x": 10.25, "y": 3 },
                { "matrix": [3, 11], "x": 11.25, "y": 3 },
                { "matrix": [3, 12], "w": 1.75, "x": 12.25, "y": 3 },
                { "matrix": [3, 13], "x": 14, "y": 3 },
                { "matrix": [4, 1], "x": 1.5, "y": 4 },
                { "matrix": [4, 2], "w": 1.5, "x": 2.5, "y": 4 },
                { "matrix": [4, 7], "w": 7, "x": 4, "y": 4 },
                { "matrix": [4, 11], "w": 1.5, "x": 11, "y": 4 },
                { "matrix": [4, 12], "x": 12.5, "y": 4 }
            ]
        }
    }
}
